<?xml version="1.0" encoding="UTF-8"?>

<DBMetaData driverMajorVersion="10" driverMinorVersion="5" driverVersion="10.5.3.0 - (802917)" productVersion="10.5.3.0 - (802917)" identifierQuoteString="&quot;" transactionLevel="Read Committed" driverName="Apache Derby Network Client JDBC Driver" productName="Apache Derby">
  <Schema name="APP"/>
  <Schema name="NULLID"/>
  <Schema name="SQLJ"/>
  <Schema name="SYSCAT"/>
  <Schema name="SYSCS_DIAG"/>
  <Schema name="SYSCS_UTIL"/>
  <Schema name="SYSFUN"/>
  <Schema name="SYSPROC"/>
  <Schema name="SYSSTAT"/>
  <Table type="TABLE" schema="APP" ignoreIndexes="false" name="ADMIN" refreshed="true">
    <Column sqlTypeId="4" indexed="unknown" autoIncrement="false" type="INTEGER" size="10" decimalDigits="0" name="USER_OID" primaryKey="true" notNull="true"/>
    <Column sqlTypeId="12" indexed="unknown" autoIncrement="false" type="VARCHAR" size="255" decimalDigits="0" name="AREA" primaryKey="false" notNull="false"/>
    <ForeignKey localColumnName="USER_OID" foreignColumnName="OID" name="FK_ADMIN_USER" foreignTableName="USER" foreignSchemaName="APP"/>
  </Table>
  <Table type="TABLE" schema="APP" ignoreIndexes="false" name="COMPETITION" refreshed="true">
    <Column sqlTypeId="4" indexed="unknown" autoIncrement="false" type="INTEGER" size="10" decimalDigits="0" name="OID" primaryKey="true" notNull="true"/>
    <Column sqlTypeId="12" indexed="unknown" autoIncrement="false" type="VARCHAR" size="255" decimalDigits="0" name="AWARD" primaryKey="false" notNull="false"/>
    <Column sqlTypeId="12" indexed="unknown" autoIncrement="false" type="VARCHAR" size="255" decimalDigits="0" name="YEAR" primaryKey="false" notNull="false"/>
    <Column sqlTypeId="12" indexed="unknown" autoIncrement="false" type="VARCHAR" size="255" decimalDigits="0" name="LOCATION" primaryKey="false" notNull="false"/>
    <Column sqlTypeId="12" indexed="unknown" autoIncrement="false" type="VARCHAR" size="255" decimalDigits="0" name="NAME" primaryKey="false" notNull="false"/>
    <Column sqlTypeId="12" indexed="unknown" autoIncrement="false" type="VARCHAR" size="255" decimalDigits="0" name="TYPE" primaryKey="false" notNull="false"/>
  </Table>
  <Table type="TABLE" schema="APP" ignoreIndexes="false" name="COMPETITION_TEAM_2" refreshed="true">
    <Column sqlTypeId="4" indexed="unknown" autoIncrement="false" type="INTEGER" size="10" decimalDigits="0" name="COMPETITION_OID" primaryKey="true" notNull="true"/>
    <Column sqlTypeId="4" indexed="unknown" autoIncrement="false" type="INTEGER" size="10" decimalDigits="0" name="TEAM_OID" primaryKey="true" notNull="true"/>
    <ForeignKey localColumnName="COMPETITION_OID" foreignColumnName="OID" name="FK_COMPETITION_TEAM_2_COMPETIT" foreignTableName="COMPETITION" foreignSchemaName="APP"/>
    <ForeignKey localColumnName="TEAM_OID" foreignColumnName="OID" name="FK_COMPETITION_TEAM_2_TEAM" foreignTableName="TEAM" foreignSchemaName="APP"/>
  </Table>
  <Table type="TABLE" schema="APP" ignoreIndexes="false" name="GAME" refreshed="true">
    <Column sqlTypeId="4" indexed="unknown" autoIncrement="false" type="INTEGER" size="10" decimalDigits="0" name="OID" primaryKey="true" notNull="true"/>
    <Column sqlTypeId="12" indexed="unknown" autoIncrement="false" type="VARCHAR" size="255" decimalDigits="0" name="DESCRIPTION" primaryKey="false" notNull="false"/>
    <Column sqlTypeId="12" indexed="unknown" autoIncrement="false" type="VARCHAR" size="255" decimalDigits="0" name="SCORE" primaryKey="false" notNull="false"/>
    <Column sqlTypeId="91" indexed="unknown" autoIncrement="false" type="DATE" size="10" decimalDigits="0" name="DATE" primaryKey="false" notNull="false"/>
    <Column sqlTypeId="4" indexed="unknown" autoIncrement="false" type="INTEGER" size="10" decimalDigits="0" name="COMPETITION_OID" primaryKey="false" notNull="false"/>
    <ForeignKey localColumnName="COMPETITION_OID" foreignColumnName="OID" name="FK_GAME_COMPETITION" foreignTableName="COMPETITION" foreignSchemaName="APP"/>
  </Table>
  <Table type="TABLE" schema="APP" ignoreIndexes="false" name="GAME_ADMIN" refreshed="true">
    <Column sqlTypeId="4" indexed="unknown" autoIncrement="false" type="INTEGER" size="10" decimalDigits="0" name="GAME_OID" primaryKey="true" notNull="true"/>
    <Column sqlTypeId="4" indexed="unknown" autoIncrement="false" type="INTEGER" size="10" decimalDigits="0" name="ADMIN_OID" primaryKey="true" notNull="true"/>
    <ForeignKey localColumnName="ADMIN_OID" foreignColumnName="USER_OID" name="FK_GAME_ADMIN_ADMIN" foreignTableName="ADMIN" foreignSchemaName="APP"/>
    <ForeignKey localColumnName="GAME_OID" foreignColumnName="OID" name="FK_GAME_ADMIN_GAME" foreignTableName="GAME" foreignSchemaName="APP"/>
  </Table>
  <Table type="TABLE" schema="APP" ignoreIndexes="false" name="GROUP" refreshed="true">
    <Column sqlTypeId="4" indexed="unknown" autoIncrement="false" type="INTEGER" size="10" decimalDigits="0" name="OID" primaryKey="true" notNull="true"/>
    <Column sqlTypeId="12" indexed="unknown" autoIncrement="false" type="VARCHAR" size="255" decimalDigits="0" name="GROUPNAME" primaryKey="false" notNull="false"/>
    <Column sqlTypeId="4" indexed="unknown" autoIncrement="false" type="INTEGER" size="10" decimalDigits="0" name="MODULE_OID" primaryKey="false" notNull="false"/>
    <ForeignKey localColumnName="MODULE_OID" foreignColumnName="OID" name="FK_GROUP_MODULE" foreignTableName="MODULE" foreignSchemaName="APP"/>
  </Table>
  <Table type="TABLE" schema="APP" ignoreIndexes="false" name="GROUP_MODULE" refreshed="true">
    <Column sqlTypeId="4" indexed="unknown" autoIncrement="false" type="INTEGER" size="10" decimalDigits="0" name="GROUP_OID" primaryKey="true" notNull="true"/>
    <Column sqlTypeId="4" indexed="unknown" autoIncrement="false" type="INTEGER" size="10" decimalDigits="0" name="MODULE_OID" primaryKey="true" notNull="true"/>
    <ForeignKey localColumnName="GROUP_OID" foreignColumnName="OID" name="FK_GROUP_MODULE_GROUP" foreignTableName="GROUP" foreignSchemaName="APP"/>
    <ForeignKey localColumnName="MODULE_OID" foreignColumnName="OID" name="FK_GROUP_MODULE_MODULE" foreignTableName="MODULE" foreignSchemaName="APP"/>
  </Table>
  <Table type="TABLE" schema="APP" ignoreIndexes="false" name="MODULE" refreshed="true">
    <Column sqlTypeId="4" indexed="unknown" autoIncrement="false" type="INTEGER" size="10" decimalDigits="0" name="OID" primaryKey="true" notNull="true"/>
    <Column sqlTypeId="12" indexed="unknown" autoIncrement="false" type="VARCHAR" size="255" decimalDigits="0" name="MODULEID" primaryKey="false" notNull="false"/>
    <Column sqlTypeId="12" indexed="unknown" autoIncrement="false" type="VARCHAR" size="255" decimalDigits="0" name="MODULENAME" primaryKey="false" notNull="false"/>
  </Table>
  <Table type="TABLE" schema="APP" ignoreIndexes="false" name="PLAYER" refreshed="true">
    <Column sqlTypeId="4" indexed="unknown" autoIncrement="false" type="INTEGER" size="10" decimalDigits="0" name="OID" primaryKey="true" notNull="true"/>
  </Table>
  <Table type="TABLE" schema="APP" ignoreIndexes="false" name="PREMIUM" refreshed="true">
    <Column sqlTypeId="4" indexed="unknown" autoIncrement="false" type="INTEGER" size="10" decimalDigits="0" name="USER_OID" primaryKey="true" notNull="true"/>
    <Column sqlTypeId="5" indexed="unknown" autoIncrement="false" type="SMALLINT" size="5" decimalDigits="0" name="ISCOMENTOR" primaryKey="false" notNull="false"/>
    <ForeignKey localColumnName="USER_OID" foreignColumnName="OID" name="FK_PREMIUM_USER" foreignTableName="USER" foreignSchemaName="APP"/>
  </Table>
  <Table type="TABLE" schema="APP" ignoreIndexes="false" name="PREMIUM_PLAYER" refreshed="true">
    <Column sqlTypeId="4" indexed="unknown" autoIncrement="false" type="INTEGER" size="10" decimalDigits="0" name="PREMIUM_OID" primaryKey="true" notNull="true"/>
    <Column sqlTypeId="4" indexed="unknown" autoIncrement="false" type="INTEGER" size="10" decimalDigits="0" name="PLAYER_OID" primaryKey="true" notNull="true"/>
    <ForeignKey localColumnName="PLAYER_OID" foreignColumnName="OID" name="FK_PREMIUM_PLAYER_PLAYER" foreignTableName="PLAYER" foreignSchemaName="APP"/>
    <ForeignKey localColumnName="PREMIUM_OID" foreignColumnName="USER_OID" name="FK_PREMIUM_PLAYER_PREMIUM" foreignTableName="PREMIUM" foreignSchemaName="APP"/>
  </Table>
  <Table type="TABLE" schema="APP" ignoreIndexes="false" name="TEAM" refreshed="true">
    <Column sqlTypeId="4" indexed="unknown" autoIncrement="false" type="INTEGER" size="10" decimalDigits="0" name="OID" primaryKey="true" notNull="true"/>
    <Column sqlTypeId="12" indexed="unknown" autoIncrement="false" type="VARCHAR" size="255" decimalDigits="0" name="LOCATION" primaryKey="false" notNull="false"/>
    <Column sqlTypeId="91" indexed="unknown" autoIncrement="false" type="DATE" size="10" decimalDigits="0" name="CREATIONDATE" primaryKey="false" notNull="false"/>
    <Column sqlTypeId="12" indexed="unknown" autoIncrement="false" type="VARCHAR" size="255" decimalDigits="0" name="NAME" primaryKey="false" notNull="false"/>
    <Column sqlTypeId="4" indexed="unknown" autoIncrement="false" type="INTEGER" size="10" decimalDigits="0" name="COMPETITION_OID" primaryKey="false" notNull="false"/>
    <Column sqlTypeId="4" indexed="unknown" autoIncrement="false" type="INTEGER" size="10" decimalDigits="0" name="GAME_OID" primaryKey="false" notNull="false"/>
    <Column sqlTypeId="4" indexed="unknown" autoIncrement="false" type="INTEGER" size="10" decimalDigits="0" name="GAME_OID_2" primaryKey="false" notNull="false"/>
    <Column sqlTypeId="4" indexed="unknown" autoIncrement="false" type="INTEGER" size="10" decimalDigits="0" name="PLAYER_OID" primaryKey="false" notNull="false"/>
    <ForeignKey localColumnName="COMPETITION_OID" foreignColumnName="OID" name="FK_TEAM_COMPETITION" foreignTableName="COMPETITION" foreignSchemaName="APP"/>
    <ForeignKey localColumnName="GAME_OID_2" foreignColumnName="OID" name="FK_TEAM_GAME" foreignTableName="GAME" foreignSchemaName="APP"/>
    <ForeignKey localColumnName="GAME_OID" foreignColumnName="OID" name="FK_TEAM_GAME_2" foreignTableName="GAME" foreignSchemaName="APP"/>
    <ForeignKey localColumnName="PLAYER_OID" foreignColumnName="OID" name="FK_TEAM_PLAYER" foreignTableName="PLAYER" foreignSchemaName="APP"/>
  </Table>
  <Table type="TABLE" schema="APP" ignoreIndexes="false" name="TEAM_PREMIUM" refreshed="true">
    <Column sqlTypeId="4" indexed="unknown" autoIncrement="false" type="INTEGER" size="10" decimalDigits="0" name="TEAM_OID" primaryKey="true" notNull="true"/>
    <Column sqlTypeId="4" indexed="unknown" autoIncrement="false" type="INTEGER" size="10" decimalDigits="0" name="PREMIUM_OID" primaryKey="true" notNull="true"/>
    <ForeignKey localColumnName="PREMIUM_OID" foreignColumnName="USER_OID" name="FK_TEAM_PREMIUM_PREMIUM" foreignTableName="PREMIUM" foreignSchemaName="APP"/>
    <ForeignKey localColumnName="TEAM_OID" foreignColumnName="OID" name="FK_TEAM_PREMIUM_TEAM" foreignTableName="TEAM" foreignSchemaName="APP"/>
  </Table>
  <Table type="TABLE" schema="APP" ignoreIndexes="false" name="USER" refreshed="true">
    <Column sqlTypeId="4" indexed="unknown" autoIncrement="false" type="INTEGER" size="10" decimalDigits="0" name="OID" primaryKey="true" notNull="true"/>
    <Column sqlTypeId="12" indexed="unknown" autoIncrement="false" type="VARCHAR" size="255" decimalDigits="0" name="USERNAME" primaryKey="false" notNull="false"/>
    <Column sqlTypeId="12" indexed="unknown" autoIncrement="false" type="VARCHAR" size="255" decimalDigits="0" name="PASSWORD" primaryKey="false" notNull="false"/>
    <Column sqlTypeId="12" indexed="unknown" autoIncrement="false" type="VARCHAR" size="255" decimalDigits="0" name="EMAIL" primaryKey="false" notNull="false"/>
    <Column sqlTypeId="91" indexed="unknown" autoIncrement="false" type="DATE" size="10" decimalDigits="0" name="BIRTHDATE" primaryKey="false" notNull="false"/>
    <Column sqlTypeId="12" indexed="unknown" autoIncrement="false" type="VARCHAR" size="255" decimalDigits="0" name="PHONE" primaryKey="false" notNull="false"/>
    <Column sqlTypeId="12" indexed="unknown" autoIncrement="false" type="VARCHAR" size="255" decimalDigits="0" name="SURNAME" primaryKey="false" notNull="false"/>
    <Column sqlTypeId="12" indexed="unknown" autoIncrement="false" type="VARCHAR" size="255" decimalDigits="0" name="NAME" primaryKey="false" notNull="false"/>
    <Column sqlTypeId="4" indexed="unknown" autoIncrement="false" type="INTEGER" size="10" decimalDigits="0" name="GROUP_OID" primaryKey="false" notNull="false"/>
    <ForeignKey localColumnName="GROUP_OID" foreignColumnName="OID" name="FK_USER_GROUP" foreignTableName="GROUP" foreignSchemaName="APP"/>
  </Table>
  <Table type="TABLE" schema="APP" ignoreIndexes="false" name="USER_GROUP" refreshed="true">
    <Column sqlTypeId="4" indexed="unknown" autoIncrement="false" type="INTEGER" size="10" decimalDigits="0" name="USER_OID" primaryKey="true" notNull="true"/>
    <Column sqlTypeId="4" indexed="unknown" autoIncrement="false" type="INTEGER" size="10" decimalDigits="0" name="GROUP_OID" primaryKey="true" notNull="true"/>
    <ForeignKey localColumnName="GROUP_OID" foreignColumnName="OID" name="FK_USER_GROUP_GROUP" foreignTableName="GROUP" foreignSchemaName="APP"/>
    <ForeignKey localColumnName="USER_OID" foreignColumnName="OID" name="FK_USER_GROUP_USER" foreignTableName="USER" foreignSchemaName="APP"/>
  </Table>
</DBMetaData>
