<?xml version="1.0" encoding="UTF-8"?>

<DBError statementIndex="0">
  <ErrorMessage>java.sql.SQLSyntaxErrorException: 'ALTER TABLE' cannot be performed on 'APP.GAME_ADMIN' because it does not exist.</ErrorMessage>
  <Comment> Game_Admin [rel2]</Comment>
  <Statement> alter table "APP"."GAME_ADMIN"   drop constraint "FK_GAME_ADMIN_GAME"</Statement>
  <ErrorMessage>java.sql.SQLSyntaxErrorException: 'ALTER TABLE' cannot be performed on 'APP.GAME_ADMIN' because it does not exist.</ErrorMessage>
  <StackTrace>com.webratio.commons.db.DBException: java.sql.SQLSyntaxErrorException: 'ALTER TABLE' cannot be performed on 'APP.GAME_ADMIN' because it does not exist.
	at com.webratio.commons.db.utils.DBUtils.execute(DBUtils.java:546)
	at com.webratio.commons.db.utils.DBUtils.executeScriptFiles(DBUtils.java:442)
	at com.webratio.commons.db.utils.DBUtils.main(DBUtils.java:257)
Caused by: java.sql.SQLSyntaxErrorException: 'ALTER TABLE' cannot be performed on 'APP.GAME_ADMIN' because it does not exist.
	at org.apache.derby.client.am.SQLExceptionFactory40.getSQLException(Unknown Source)
	at org.apache.derby.client.am.SqlException.getSQLException(Unknown Source)
	at org.apache.derby.client.am.Statement.execute(Unknown Source)
	at com.webratio.commons.db.utils.DBUtils.execute(DBUtils.java:523)
	... 2 more
Caused by: org.apache.derby.client.am.SqlException: 'ALTER TABLE' cannot be performed on 'APP.GAME_ADMIN' because it does not exist.
	at org.apache.derby.client.am.Statement.completeSqlca(Unknown Source)
	at org.apache.derby.client.am.Statement.completeExecuteImmediate(Unknown Source)
	at org.apache.derby.client.net.NetStatementReply.parseEXCSQLIMMreply(Unknown Source)
	at org.apache.derby.client.net.NetStatementReply.readExecuteImmediate(Unknown Source)
	at org.apache.derby.client.net.StatementReply.readExecuteImmediate(Unknown Source)
	at org.apache.derby.client.net.NetStatement.readExecuteImmediate_(Unknown Source)
	at org.apache.derby.client.am.Statement.readExecuteImmediate(Unknown Source)
	at org.apache.derby.client.am.Statement.flowExecute(Unknown Source)
	at org.apache.derby.client.am.Statement.executeX(Unknown Source)
	... 4 more
</StackTrace></DBError>