<?xml version="1.0" encoding="UTF-8"?>

<Warnings> 
  <Warning xpath="id('db2')" rootXPath="/WebProject/DataModel" key="DISCONNECTED_DATABASE" tab="mapping" label="Competitor"> 
    <Message>The database 'Competitor' is not connected: unable to perform a deep analysis</Message>  
    <Resolution class="com.webratio.ide.ui.resources.RefreshDatabaseResolutionGenerator">Refresh the database</Resolution> 
  </Warning>  
  <Warning xpath="/WebProject" rootXPath="/WebProject" key="" label="WebProject"> 
    <Message>Security Warning: the Admin Area generation is enabled</Message>  
    <Resolution class="com.webratio.ide.ui.resources.ChangeAttributeResolutionGenerator" attribute="adminArea" value="">Remove the 'Admin Area' property</Resolution> 
  </Warning>  
  <Warning xpath="/WebProject" rootXPath="/WebProject" key="" label="WebProject" tab="security"> 
    <Message>Security Warning: the project contains a protected resource but the 'Protect URL' property is missing</Message>  
    <Resolution class="com.webratio.ide.ui.resources.ChangeAttributeResolutionGenerator" attribute="protectURL" value="true">Set the 'Protect URL' property to 'true'</Resolution> 
  </Warning> 
</Warnings>
